<?xml version="1.0" encoding="UTF-8" standalone="yes"?>
<addon id="plugin.video.Nordeste.Tv" name="[COLOR yellow][B]Nordes[/COLOR][COLOR green][B]Tv[/B][/COLOR]" version="1.5.1" provider-name="Luis Carlos">
  <requires>
    <import addon="xbmc.python" version="2.1.0"/>
    <import addon="script.module.beautifulsoup" version="3.2.1"/>
    <import addon="script.module.simple.downloader" version="0.9.4"/>
    <import addon="script.module.beautifulsoup4"/>
    <import addon="script.module.requests"/>
    <import addon="script.module.httplib2"/>
    <import addon="script.module.youtube.dl" optional="true"/>
    <import addon="plugin.video.youtube"/>
    <import addon="script.module.urlresolver" optional="true"/>
    <import addon="script.module.simplejson"/> 
  </requires>
  <extension point="xbmc.python.pluginsource" library="default.py">
        <provides>video</provides>
  </extension>
  <extension point="xbmc.addon.metadata">
    <summary lang="en">NordesTv</summary>
    <description lang="en">[COLOR yellow]l[/COLOR] TV [COLOR yellow]l[/COLOR] FILMES [COLOR yellow]l[/COLOR] SERIES [COLOR yellow]l[/COLOR] LANCAMENTOS [COLOR yellow]l[/COLOR] HD [COLOR yellow]l[/COLOR] FHD [COLOR yellow]l[/COLOR]
[COLOR yellow]l[/COLOR] O autor não hospeda nem possui nenhum conteúdo encontrado neste addon. O autor não é responsável pelo uso e pelo conteúdo encontrado neste addon [COLOR yellow]l[/COLOR]
l [COLOR green][B]Nordes [/B][/COLOR][COLOR yellow][B]TV[/B][/COLOR]- DO CINEMA PARA SUA CASA -[COLOR yellow]l[/COLOR]</description>
    <platform>all</platform>
  </extension>
</addon>
